{
  "epoch": [
    1.0,
    2.0,
    3.0,
    4.0,
    5.0,
    6.0,
    7.0,
    8.0,
    9.0,
    10.0,
    11.0,
    12.0,
    13.0,
    14.0,
    15.0,
    16.0,
    17.0,
    18.0,
    19.0,
    20.0,
    21.0,
    22.0,
    23.0,
    24.0,
    25.0,
    26.0,
    27.0,
    28.0,
    29.0,
    30.0,
    31.0,
    32.0,
    33.0,
    34.0,
    35.0,
    36.0,
    37.0,
    38.0,
    39.0,
    40.0,
    41.0,
    42.0,
    43.0,
    44.0,
    45.0,
    46.0,
    47.0,
    48.0,
    49.0,
    50.0,
    51.0,
    52.0,
    53.0,
    54.0,
    55.0,
    56.0,
    57.0,
    58.0,
    59.0,
    60.0,
    61.0,
    62.0,
    63.0,
    64.0,
    65.0,
    66.0,
    67.0,
    68.0,
    69.0,
    70.0,
    71.0,
    72.0,
    73.0,
    74.0,
    75.0,
    76.0,
    77.0,
    78.0,
    79.0,
    80.0,
    81.0,
    82.0,
    83.0,
    84.0,
    85.0,
    86.0,
    87.0,
    88.0,
    89.0,
    90.0,
    91.0,
    92.0,
    93.0,
    94.0,
    95.0,
    96.0,
    97.0,
    98.0,
    99.0,
    100.0,
    101.0,
    102.0,
    103.0,
    104.0,
    105.0,
    106.0,
    107.0,
    108.0,
    109.0,
    110.0,
    111.0,
    112.0,
    113.0,
    114.0,
    115.0,
    116.0,
    117.0,
    118.0,
    119.0,
    120.0,
    121.0,
    122.0,
    123.0,
    124.0,
    125.0,
    126.0,
    127.0,
    128.0,
    129.0,
    130.0,
    131.0,
    132.0,
    133.0,
    134.0,
    135.0,
    136.0,
    137.0,
    138.0,
    139.0,
    140.0,
    141.0,
    142.0,
    143.0,
    144.0,
    145.0,
    146.0,
    147.0,
    148.0,
    149.0,
    150.0
  ],
  "train_loss": [
    12.03927,
    10.61319,
    9.40871,
    8.72141,
    8.22232,
    7.855880000000001,
    7.61698,
    7.314739999999999,
    7.079549999999999,
    6.8792100000000005,
    6.73799,
    6.573919999999999,
    6.45275,
    6.247120000000001,
    6.1884,
    5.99513,
    5.85445,
    5.74243,
    5.67098,
    5.60651,
    5.43782,
    5.3866,
    5.27683,
    5.1846,
    5.09043,
    5.0178,
    4.96852,
    4.90954,
    4.79425,
    4.706189999999999,
    4.7466099999999996,
    4.622070000000001,
    4.561030000000001,
    4.58565,
    4.51779,
    4.5069300000000005,
    4.42406,
    4.274150000000001,
    4.31002,
    4.30741,
    4.258430000000001,
    4.23454,
    4.23368,
    4.21421,
    4.15615,
    4.1343,
    4.10018,
    4.12887,
    4.11482,
    3.99006,
    4.1176200000000005,
    4.04931,
    4.00598,
    4.01048,
    3.91184,
    3.95998,
    3.90053,
    3.82221,
    3.84136,
    3.8877300000000004,
    3.86459,
    3.81243,
    3.8196499999999998,
    3.79385,
    3.8120000000000003,
    3.7297400000000005,
    3.7178099999999996,
    3.74735,
    3.73506,
    3.70171,
    3.6713299999999993,
    3.71216,
    3.71636,
    3.65093,
    3.62296,
    3.55624,
    3.6656700000000004,
    3.5270799999999998,
    3.64166,
    3.5513899999999996,
    3.49474,
    3.53463,
    3.5297799999999997,
    3.53565,
    3.43877,
    3.46044,
    3.52652,
    3.50724,
    3.47558,
    3.42518,
    3.4554,
    3.35286,
    3.4173,
    3.41556,
    3.33646,
    3.33673,
    3.32006,
    3.30419,
    3.31721,
    3.27029,
    3.31114,
    3.3750099999999996,
    3.3029200000000003,
    3.2657499999999997,
    3.23944,
    3.26168,
    3.27752,
    3.25755,
    3.2072,
    3.23963,
    3.24731,
    3.22477,
    3.20528,
    3.20784,
    3.1723,
    3.20444,
    3.1698,
    3.1654099999999996,
    3.1052400000000002,
    3.1526199999999998,
    3.15721,
    3.1413900000000003,
    3.1187899999999997,
    3.13266,
    3.14445,
    3.04675,
    3.07494,
    3.10635,
    3.07368,
    3.0630300000000004,
    3.0637600000000003,
    3.0578200000000004,
    3.00494,
    3.0365599999999997,
    3.03953,
    3.02621,
    3.0241100000000003,
    3.03292,
    2.96806,
    2.99968,
    2.7893100000000004,
    2.67532,
    2.67209,
    2.64145,
    2.63523,
    2.61229,
    2.5943899999999998,
    2.62329,
    2.5789600000000004,
    2.60705
  ],
  "val_loss": [
    12.880590000000002,
    10.97857,
    11.17256,
    9.92294,
    8.15114,
    7.48193,
    7.308260000000001,
    7.00209,
    6.7578499999999995,
    6.57534,
    6.41907,
    6.3099799999999995,
    6.34441,
    6.116820000000001,
    6.009650000000001,
    5.8235399999999995,
    5.7684,
    5.505800000000001,
    5.5375700000000005,
    5.56522,
    5.39659,
    5.10336,
    4.9915199999999995,
    4.88851,
    4.856870000000001,
    4.78535,
    4.8398,
    4.642799999999999,
    4.6243099999999995,
    4.52604,
    4.44892,
    4.31602,
    4.38763,
    4.42669,
    4.24215,
    4.26276,
    4.2614,
    4.12176,
    4.18544,
    4.16576,
    4.13227,
    4.0336,
    4.05889,
    4.05345,
    3.98371,
    3.88415,
    3.92494,
    3.98599,
    3.82481,
    3.8582300000000003,
    3.81486,
    3.85001,
    3.79273,
    3.78267,
    3.80511,
    3.76715,
    3.79196,
    3.79319,
    3.72067,
    3.74185,
    3.6393500000000003,
    3.70869,
    3.65112,
    3.59769,
    3.6284400000000003,
    3.60656,
    3.58541,
    3.53528,
    3.58749,
    3.52858,
    3.51758,
    3.52485,
    3.55842,
    3.46453,
    3.58444,
    3.4825,
    3.50148,
    3.46798,
    3.4091,
    3.4835200000000004,
    3.4029499999999997,
    3.38263,
    3.41275,
    3.5403100000000003,
    3.3707900000000004,
    3.37868,
    3.33309,
    3.33562,
    3.34018,
    3.32043,
    3.30578,
    3.34213,
    3.32295,
    3.35123,
    3.31527,
    3.3136099999999997,
    3.27477,
    3.31759,
    3.25856,
    3.27231,
    3.29734,
    3.29507,
    3.23099,
    3.25284,
    3.2350499999999998,
    3.1978400000000002,
    3.2180299999999997,
    3.20526,
    3.22742,
    3.16506,
    3.20656,
    3.19886,
    3.16906,
    3.15634,
    3.1527000000000003,
    3.14595,
    3.13359,
    3.162,
    3.1417200000000003,
    3.13561,
    3.14037,
    3.13703,
    3.11665,
    3.09888,
    3.16109,
    3.09094,
    3.1014600000000003,
    3.09483,
    3.0728600000000004,
    3.07714,
    3.07597,
    3.11557,
    3.05727,
    3.0667400000000002,
    3.0651,
    3.07332,
    3.05489,
    3.05172,
    3.03887,
    3.02564,
    3.1076799999999998,
    3.06726,
    3.0515,
    3.0376000000000003,
    3.03336,
    3.04063,
    3.03195,
    3.02431,
    3.0216000000000003,
    3.0206299999999997
  ],