{
  "epoch": [
    1.0,
    2.0,
    3.0,
    4.0,
    5.0,
    6.0,
    7.0,
    8.0,
    9.0,
    10.0,
    11.0,
    12.0,
    13.0,
    14.0,
    15.0,
    16.0,
    17.0,
    18.0,
    19.0,
    20.0,
    21.0,
    22.0,
    23.0,
    24.0,
    25.0,
    26.0,
    27.0,
    28.0,
    29.0,
    30.0,
    31.0,
    32.0,
    33.0,
    34.0,
    35.0,
    36.0,
    37.0,
    38.0,
    39.0,
    40.0,
    41.0,
    42.0,
    43.0,
    44.0,
    45.0,
    46.0,
    47.0,
    48.0,
    49.0,
    50.0,
    51.0,
    52.0,
    53.0,
    54.0,
    55.0,
    56.0,
    57.0,
    58.0,
    59.0,
    60.0,
    61.0,
    62.0,
    63.0,
    64.0,
    65.0,
    66.0,
    67.0,
    68.0,
    69.0,
    70.0,
    71.0,
    72.0,
    73.0,
    74.0,
    75.0,
    76.0,
    77.0,
    78.0,
    79.0,
    80.0,
    81.0,
    82.0,
    83.0,
    84.0,
    85.0,
    86.0,
    87.0,
    88.0,
    89.0,
    90.0,
    91.0,
    92.0,
    93.0,
    94.0,
    95.0,
    96.0,
    97.0,
    98.0,
    99.0,
    100.0,
    101.0,
    102.0,
    103.0,
    104.0,
    105.0,
    106.0,
    107.0,
    108.0,
    109.0,
    110.0,
    111.0,
    112.0,
    113.0,
    114.0,
    115.0,
    116.0,
    117.0,
    118.0,
    119.0,
    120.0,
    121.0,
    122.0,
    123.0,
    124.0,
    125.0,
    126.0,
    127.0,
    128.0,
    129.0,
    130.0,
    131.0,
    132.0,
    133.0,
    134.0,
    135.0,
    136.0,
    137.0,
    138.0,
    139.0,
    140.0,
    141.0,
    142.0,
    143.0,
    144.0,
    145.0,
    146.0,
    147.0,
    148.0,
    149.0,
    150.0,
    151.0,
    152.0,
    153.0,
    154.0,
    155.0
  ],
  "train_loss": [
    6.67003,
    4.99374,
    4.68473,
    4.59311,
    4.30105,
    4.029579999999999,
    3.8938799999999993,
    3.74771,
    3.58792,
    3.71729,
    3.64605,
    3.47198,
    3.39062,
    3.28051,
    3.26401,
    3.16879,
    3.17713,
    3.1895299999999995,
    3.10632,
    3.0337199999999998,
    3.00702,
    3.0410399999999997,
    2.86727,
    2.9578499999999996,
    2.84522,
    2.82271,
    2.7964599999999997,
    2.8113799999999998,
    2.78224,
    2.67263,
    2.6405399999999997,
    2.68733,
    2.5955399999999997,
    2.61158,
    2.57057,
    2.55649,
    2.54901,
    2.48474,
    2.52015,
    2.49174,
    2.43649,
    2.4306900000000002,
    2.45236,
    2.44165,
    2.41818,
    2.39468,
    2.4544300000000003,
    2.5391000000000004,
    2.53974,
    2.5021199999999997,
    2.43114,
    2.37493,
    2.40013,
    2.3902599999999996,
    2.33441,
    2.37358,
    2.39465,
    2.36845,
    2.33193,
    2.29539,
    2.31043,
    2.3105200000000004,
    2.19526,
    2.2083700000000004,
    2.1933499999999997,
    2.22461,
    2.19092,
    2.19103,
    2.2379,
    2.2018500000000003,
    2.1617100000000002,
    2.18562,
    2.2475699999999996,
    2.2110200000000004,
    2.11244,
    2.0919,
    2.16746,
    2.15961,
    2.16549,
    2.11888,
    2.09712,
    2.04878,
    2.03663,
    2.07129,
    2.02006,
    2.0379199999999997,
    1.9776600000000002,
    2.02014,
    1.96761,
    2.03977,
    1.9456799999999999,
    1.93882,
    1.98502,
    2.01951,
    1.95513,
    2.00671,
    2.0742599999999998,
    2.00428,
    2.03271,
    2.09279,
    1.984,
    1.9812699999999999,
    1.9256,
    1.90901,
    1.9334799999999999,
    1.8869,
    1.9638200000000001,
    1.8963700000000001,
    1.8588900000000002,
    1.8771900000000001,
    1.9046399999999999,
    1.89267,
    1.91859,
    1.90911,
    1.8406099999999999,
    1.83804,
    1.81726,
    1.8357100000000002,
    1.85652,
    1.8576700000000002,
    1.85149,
    1.8539499999999998,
    1.8961999999999999,
    1.8949,
    1.79541,
    1.7857699999999999,
    1.8242600000000002,
    1.8860999999999999,
    1.8878300000000001,
    1.8936,
    1.86979,
    1.81791,
    1.7625,
    1.73085,
    1.73187,
    1.7425899999999999,
    1.7171500000000002,
    1.7836400000000001,
    1.7738,
    1.77724,
    1.81145,
    1.79677,
    1.75773,
    1.7272,
    1.72192,
    1.6911399999999999,
    1.67428,
    1.7298,
    1.7450100000000002,
    1.73576,
    1.70349,
    1.71538,
    1.7363499999999998,
    1.74221,
    1.71503
  ],
  "val_loss": [
    5.0416,
    4.91492,
    4.72119,
    4.4914,
    4.05975,
    4.121160000000001,
    3.80259,
    3.76364,
    3.9927799999999998,
    4.15023,
    3.76863,
    3.57034,
    3.4182699999999997,
    3.51642,
    3.5069099999999995,
    3.4239100000000002,
    3.41866,
    3.3807899999999997,
    3.34347,
    3.3761,
    3.33115,
    3.30483,
    3.18842,
    3.19581,
    3.3033,
    3.29244,
    3.32652,
    3.20653,
    3.09151,
    3.13373,
    3.14917,
    3.06955,
    3.1629199999999997,
    3.10862,
    3.16301,
    3.0748100000000003,
    3.03413,
    3.0523100000000003,
    3.0961100000000004,
    3.06695,
    3.06053,
    3.0254600000000003,
    3.07259,
    3.10971,
    3.08819,
    3.05626,
    3.10541,
    3.17383,
    3.1011100000000003,
    3.01884,
    3.0199499999999997,
    2.9886,
    3.05366,
    3.12441,
    3.09861,
    3.13787,
    2.99357,
    3.02682,
    2.9876899999999997,
    2.94108,
    2.9692600000000002,
    3.00709,
    2.96502,
    2.94376,
    2.93318,
    2.95104,
    3.0105,
    3.00759,
    2.9946900000000003,
    2.8937500000000003,
    2.92509,
    3.06811,
    3.06293,
    3.00522,
    2.91871,
    2.90021,
    3.0596,
    2.95853,
    2.94019,
    2.93285,
    2.96469,
    2.92523,
    2.9523099999999998,
    2.979,
    2.96405,
    2.8973500000000003,
    2.8327400000000003,
    2.92494,
    2.9466099999999997,
    2.88817,
    2.88747,
    2.98527,
    2.97165,
    2.94244,
    2.96225,
    3.05601,
    2.99913,
    2.93202,
    3.01465,
    2.9291,
    2.89374,
    2.95753,
    2.87301,
    2.91408,
    2.92084,
    2.92462,
    2.9186300000000003,
    2.90397,
    2.89337,
    2.92708,
    2.8895299999999997,
    2.90817,
    2.9401200000000003,
    2.85668,
    2.8576300000000003,
    2.86454,
    2.88332,
    2.8216,
    2.9354899999999997,
    2.90411,
    2.90519,
    2.9231,
    2.94158,
    2.8988500000000004,
    2.96442,
    2.9275700000000002,
    2.91899,
    2.9727799999999998,
    2.90343,
    2.84992,
    2.90177,
    2.89069,
    2.91099,
    2.88489,
    2.90746,
    2.9438899999999997,
    2.9503000000000004,
    2.85934,
    2.93717,
    2.89682,
    2.94012,
    2.9675599999999998,
    2.8514999999999997,
    2.8623700000000003,
    2.86996,
    2.8967,
    2.89365,
    2.9207400000000003,
    2.9146900000000002,
    2.8883900000000002,
    2.87502,
    2.87694,
    2.85945,
    2.85157,
    2.84785
  ],